{
"meta": {
"T": 4000,
"dims": [
16,
64,
64,
64,
32,
8
],
"metric": "train_loss"
},
"order": [
"sgd",
"momentum",
"adam",
"adamw",
"signsgd",
"lion",
"muon",
"shampoo",
"muonh"
],
"runs": {
"sgd": {
"lr": 0.3,
"curve": [
[
0,
1.0
],
[
1,
0.998043
],
[
2,
0.9938848
],
[
3,
0.9869879
],
[
4,
0.9777481
],
[
5,
0.9672241
],
[
6,
0.9556755
],
[
7,
0.9418916
],
[
8,
0.924764
],
[
10,
0.8900306
],
[
11,
0.8699341
],
[
13,
0.8290387
],
[
14,
0.8062511
],
[
16,
0.7631013
],
[
19,
0.6984333
],
[
21,
0.6556556
],
[
24,
0.5964196
],
[
27,
0.5347574
],
[
31,
0.4604653
],
[
35,
0.3934062
],
[
40,
0.3219009
],
[
45,
0.2633218
],
[
51,
0.2139005
],
[
58,
0.1778023
],
[
66,
0.1532608
],
[
74,
0.1386863
],
[
84,
0.1283172
],
[
95,
0.1232129
],
[
107,
0.1192681
],
[
121,
0.1171905
],
[
137,
0.1135604
],
[
154,
0.1104199
],
[
174,
0.1062996
],
[
197,
0.1018236
],
[
222,
0.0989313
],
[
250,
0.0927024
],
[
283,
0.0881082
],
[
319,
0.0835241
],
[
360,
0.0795744
],
[
406,
0.0776056
],
[
458,
0.0782777
],
[
517,
0.0640772
],
[
583,
0.0625989
],
[
658,
0.0567352
],
[
742,
0.0564249
],
[
837,
0.0480991
],
[
944,
0.0472501
],
[
1065,
0.0441199
],
[
1201,
0.0403969
],
[
1354,
0.037971
],
[
1528,
0.0358505
],
[
1723,
0.0363593
],
[
1943,
0.0331903
],
[
2192,
0.027743
],
[
2472,
0.0261486
],
[
2788,
0.0248057
],
[
3144,
0.0230559
],
[
3545,
0.0195901
],
[
3999,
0.0183778
]
],
"final_rel": 0.0183778
},
"momentum": {
"lr": 0.3,
"curve": [
[
0,
1.0
],
[
1,
0.9960143
],
[
2,
0.9846801
],
[
3,
0.9634135
],
[
4,
0.9297485
],
[
5,
0.884476
],
[
6,
0.8296079
],
[
7,
0.7666169
],
[
8,
0.6988946
],
[
10,
0.5630842
],
[
11,
0.5017283
],
[
13,
0.4019319
],
[
14,
0.3647104
],
[
16,
0.312834
],
[
19,
0.2629389
],
[
21,
0.2350729
],
[
24,
0.1959153
],
[
27,
0.1736657
],
[
31,
0.1587768
],
[
35,
0.1437668
],
[
40,
0.1379364
],
[
45,
0.1261599
],
[
51,
0.1195809
],
[
58,
0.1116158
],
[
66,
0.1066463
],
[
74,
0.1032753
],
[
84,
0.0973094
],
[
95,
0.0924598
],
[
107,
0.0883245
],
[
121,
0.0858789
],
[
137,
0.0809896
],
[
154,
0.0745998
],
[
174,
0.0762519
],
[
197,
0.0689981
],
[
222,
0.0608933
],
[
250,
0.0590937
],
[
283,
0.0577846
],
[
319,
0.0588039
],
[
360,
0.056147
],
[
406,
0.0554723
],
[
458,
0.043089
],
[
517,
0.0453253
],
[
583,
0.0418024
],
[
658,
0.0361969
],
[
742,
0.0304113
],
[
837,
0.0325868
],
[
944,
0.0266864
],
[
1065,
0.0228779
],
[
1201,
0.020705
],
[
1354,
0.0201856
],
[
1528,
0.0181813
],
[
1723,
0.0172172
],
[
1943,
0.0163617
],
[
2192,
0.0146976
],
[
2472,
0.013771
],
[
2788,
0.0114926
],
[
3144,
0.0116399
],
[
3545,
0.0076796
],
[
3999,
0.0055762
]
],
"final_rel": 0.0055762
},
"adam": {
"lr": 0.01,
"curve": [
[
0,
1.0
],
[
1,
0.998102
],
[
2,
0.9942838
],
[
3,
0.9886213
],
[
4,
0.9811329
],
[
5,
0.9718059
],
[
6,
0.9607626
],
[
7,
0.9480623
],
[
8,
0.933819
],
[
10,
0.9010155
],
[
11,
0.8825821
],
[
13,
0.8421025
],
[
14,
0.8203361
],
[
16,
0.7749358
],
[
19,
0.7033849
],
[
21,
0.6543197
],
[
24,
0.5807225
],
[
27,
0.5096655
],
[
31,
0.4220997
],
[
35,
0.3448536
],
[
40,
0.26415
],
[
45,
0.2023903
],
[
51,
0.1545635
],
[
58,
0.1335984
],
[
66,
0.1268767
],
[
74,
0.1198035
],
[
84,
0.1152165
],
[
95,
0.1113593
],
[
107,
0.107158
],
[
121,
0.1037131
],
[
137,
0.0966365
],
[
154,
0.0930101
],
[
174,
0.0872493
],
[
197,
0.080172
],
[
222,
0.0752337
],
[
250,
0.0701997
],
[
283,
0.0641943
],
[
319,
0.0571672
],
[
360,
0.0526345
],
[
406,
0.0485235
],
[
458,
0.0409116
],
[
517,
0.0380643
],
[
583,
0.03192
],
[
658,
0.0326214
],
[
742,
0.0284375
],
[
837,
0.0248246
],
[
944,
0.0253736
],
[
1065,
0.0217389
],
[
1201,
0.0200794
],
[
1354,
0.0186824
],
[
1528,
0.0177752
],
[
1723,
0.0180686
],
[
1943,
0.0147359
],
[
2192,
0.0143803
],
[
2472,
0.0131516
],
[
2788,
0.0128083
],
[
3144,
0.0133914
],
[
3545,
0.0085475
],
[
3999,
0.0048849
]
],
"final_rel": 0.0048849
},
"adamw": {
"lr": 0.01,
"curve": [
[
0,
1.0
],
[
1,
0.9980905
],
[
2,
0.9943383
],
[
3,
0.988736
],
[
4,
0.9812403
],
[
5,
0.9719478
],
[
6,
0.9609823
],
[
7,
0.9484801
],
[
8,
0.9342955
],
[
10,
0.9015717
],
[
11,
0.8832772
],
[
13,
0.8433147
],
[
14,
0.8218093
],
[
16,
0.7764625
],
[
19,
0.7041457
],
[
21,
0.6544497
],
[
24,
0.5805908
],
[
27,
0.5095953
],
[
31,
0.4224322
],
[
35,
0.3463105
],
[
40,
0.2660645
],
[
45,
0.2039342
],
[
51,
0.1562277
],
[
58,
0.1356395
],
[
66,
0.1283593
],
[
74,
0.1219213
],
[
84,
0.1149929
],
[
95,
0.1102093
],
[
107,
0.1064624
],
[
121,
0.1016707
],
[
137,
0.0960878
],
[
154,
0.0926358
],
[
174,
0.0852383
],
[
197,
0.0787754
],
[
222,
0.0733396
],
[
250,
0.0695462
],
[
283,
0.0616605
],
[
319,
0.0548633
],
[
360,
0.0506633
],
[
406,
0.0472009
],
[
458,
0.04021
],
[
517,
0.0354572
],
[
583,
0.036686
],
[
658,
0.0298372
],
[
742,
0.0285741
],
[
837,
0.0262131
],
[
944,
0.0233482
],
[
1065,
0.0235604
],
[
1201,
0.0191987
],
[
1354,
0.0191543
],
[
1528,
0.0181927
],
[
1723,
0.0173358
],
[
1943,
0.0152832
],
[
2192,
0.0134959
],
[
2472,
0.0142317
],
[
2788,
0.0131617
],
[
3144,
0.0110695
],
[
3545,
0.0070508
],
[
3999,
0.0049098
]
],
"final_rel": 0.0049098
},
"signsgd": {
"lr": 0.01,
"curve": [
[
0,
1.0
],
[
1,
0.9980401
],
[
2,
0.9941253
],
[
3,
0.9885263
],
[
4,
0.9808067
],
[
5,
0.9711974
],
[
6,
0.9597193
],
[
7,
0.9465913
],
[
8,
0.93189
],
[
10,
0.8971669
],
[
11,
0.8781202
],
[
13,
0.8358391
],
[
14,
0.8128208
],
[
16,
0.7641932
],
[
19,
0.6870065
],
[
21,
0.6333089
],
[
24,
0.5511852
],
[
27,
0.4721157
],
[
31,
0.371994
],
[
35,
0.282568
],
[
40,
0.1972665
],
[
45,
0.1488896
],
[
51,
0.1286542
],
[
58,
0.1208802
],
[
66,
0.1185632
],
[
74,
0.1147208
],
[
84,
0.1126456
],
[
95,
0.1083034
],
[
107,
0.1028861
],
[
121,
0.1003995
],
[
137,
0.1048706
],
[
154,
0.1033818
],
[
174,
0.0937199
],
[
197,
0.0973475
],
[
222,
0.1033204
],
[
250,
0.0983311
],
[
283,
0.0991551
],
[
319,
0.1059875
],
[
360,
0.1016918
],
[
406,
0.0932956
],
[
458,
0.1018153
],
[
517,
0.0874295
],
[
583,
0.0852717
],
[
658,
0.0814278
],
[
742,
0.0758759
],
[
837,
0.0683272
],
[
944,
0.0702656
],
[
1065,
0.063591
],
[
1201,
0.0593615
],
[
1354,
0.0569322
],
[
1528,
0.0527009
],
[
1723,
0.0514598
],
[
1943,
0.0500889
],
[
2192,
0.0454427
],
[
2472,
0.0438574
],
[
2788,
0.0430587
],
[
3144,
0.0409905
],
[
3545,
0.0242421
],
[
3999,
0.0118145
]
],
"final_rel": 0.0118145
},
"lion": {
"lr": 0.001,
"curve": [
[
0,
1.0
],
[
1,
0.9998034
],
[
2,
0.9994068
],
[
3,
0.9988034
],
[
4,
0.9979951
],
[
5,
0.9970042
],
[
6,
0.9957943
],
[
7,
0.9943808
],
[
8,
0.9927643
],
[
10,
0.9889516
],
[
11,
0.9867391
],
[
13,
0.9817106
],
[
14,
0.9788938
],
[
16,
0.9726669
],
[
19,
0.9619049
],
[
21,
0.9537957
],
[
24,
0.9403015
],
[
27,
0.9252515
],
[
31,
0.9028608
],
[
35,
0.8780525
],
[
40,
0.8440191
],
[
45,
0.8070636
],
[
51,
0.7596569
],
[
58,
0.7014329
],
[
66,
0.6330832
],
[
74,
0.565291
],
[
84,
0.4849851
],
[
95,
0.4069387
],
[
107,
0.3378715
],
[
121,
0.280562
],
[
137,
0.2353302
],
[
154,
0.1979651
],
[
174,
0.1730176
],
[
197,
0.1749967
],
[
222,
0.1680175
],
[
250,
0.1508403
],
[
283,
0.1341697
],
[
319,
0.1193644
],
[
360,
0.10705
],
[
406,
0.092252
],
[
458,
0.0793602
],
[
517,
0.0677254
],
[
583,
0.0563068
],
[
658,
0.0465576
],
[
742,
0.0382156
],
[
837,
0.031987
],
[
944,
0.0274514
],
[
1065,
0.0241127
],
[
1201,
0.0205973
],
[
1354,
0.018505
],
[
1528,
0.016101
],
[
1723,
0.0142196
],
[
1943,
0.0126861
],
[
2192,
0.011259
],
[
2472,
0.0099722
],
[
2788,
0.0091575
],
[
3144,
0.008375
],
[
3545,
0.0062166
],
[
3999,
0.0048701
]
],
"final_rel": 0.0048701
},
"muon": {
"lr": 0.01,